<?xml version='1.0' encoding='UTF-8'?>
<assembly>
    <id>client</id>
    <formats>
        <format>jar</format>
    </formats>

    <dependencySets>
        <dependencySet>
            <scope>runtime</scope>
            <unpack>true</unpack>
            <unpackOptions>
                <excludes>
                    <exclude>**/LICENSE*</exclude>
                    <exclude>**/README*</exclude>
                </excludes>
            </unpackOptions>
        </dependencySet>
    </dependencySets>

    <fileSets>
        <fileSet>
            <directory>${project.build.outputDirectory}</directory>
            <outputDirectory>${file.separator}</outputDirectory>
        </fileSet>
    </fileSets>

</assembly>
